company_id,predicted_default_probability,risk_rating,explanation
1004,0.898,Very High,"# CREDIT MEMO: Dune Finance #0004

**Date:** [Current Date]  
**Sector:** Hospitality | **Country:** Luxembourg  
**Facility Size:** [Not specified]

## Credit Summary
**REJECT** - High-risk hospitality credit with 89.8% default probability driven by excessive leverage and deteriorating operations. Legacy debt burden combined with revenue decline creates unsustainable capital structure despite modest profitability.

## Financial Analysis
- **Leverage:** Debt ratio of 0.67 indicates dangerous lev"
1005,0.8258,Very High,"# CREDIT MEMO: EVERGREEN HOLDINGS #0005

## Credit Summary
**REJECT** - High probability default candidate with deteriorating fundamentals. The combination of 82.6% default probability, weak liquidity (0.067 cash ratio), and declining revenue (-10.9% YoY) presents unacceptable risk for investment.

## Financial Analysis
**Red Lines Crossed:**
- Debt ratio of 0.72 indicates overleveraged balance sheet
- Cash ratio of 0.067 signals severe liquidity stress (well below 0.20 threshold)
- Interest cov"
1002,0.6914,Very High,"# Credit Memo: BluePeak Solutions #0002

**Date:** [Current Date]  
**Analyst:** [Name]  
**Sector:** French Logistics

## Credit Summary
**REJECT** - High default probability (69.1%) driven by severe liquidity constraints and customer concentration risk. Despite operational performance, structural weaknesses present unacceptable downside risk.

## Financial Analysis
Revenue performance solid at €10.6M with healthy 10.1% YoY growth and respectable 13.7% EBITDA margin indicating operational effic"
1012,0.6429,Very High,"# Credit Memo: Northstar Finance #0012

## Credit Summary
**REJECT** - High-risk manufacturing credit with unacceptably thin margins and elevated default probability of 64.3%. The combination of legacy debt burden and commodity price exposure creates a vulnerable operating profile despite modest revenue growth.

## Financial Analysis
Critical weaknesses across key metrics:
- **EBITDA margin of 2.0%** - razor-thin profitability leaves minimal buffer for operational stress
- **Interest coverage at"
1043,0.5522,Very High,"# CREDIT MEMO: Crestline Partners #0043

**Sector:** Logistics (Netherlands) | **Revenue:** €18.0M | **Employees:** 50

## Credit Summary
**PASS** with elevated monitoring requirements. While the 55.2% default probability raises concerns, adequate interest coverage and strong operational management provide sufficient downside protection for this mid-market logistics exposure.

## Financial Analysis
**Mixed fundamentals with adequate debt servicing capacity:**
- EBITDA margin of 12.2% reflects re"
1047,0.5296,Very High,"# Credit Memo: Granite Partners #0047

## Credit Summary
REJECT recommendation. Despite strong revenue growth, elevated default probability of 53.0% and weak liquidity position create unacceptable risk profile. Contradictory signals between reported growth and declining revenue risk factor raise data quality concerns.

## Financial Analysis
**Strengths:** Strong 20.0% YoY revenue growth and healthy EBITDA margin of 7.7% indicate operational efficiency. **Red Flags:** Debt ratio of 0.55 approache"
1024,0.5277,Very High,"# CREDIT MEMO: Dune Finance #0024

## Credit Summary
**REJECT.** Despite adequate profitability, Dune Finance presents unacceptable credit risk with dangerously low interest coverage and high leverage in a volatile crypto sector. The 52.8% default probability reflects fundamental structural weaknesses that outweigh operational performance.

## Financial Analysis
**Red Flags:** Interest coverage of 0.88x indicates inability to service debt from operations—well below our 2.0x minimum threshold. De"
1040,0.5106,Very High,"# CREDIT MEMO: VERTEX FINANCE #0040

**Date:** [Current Date]  
**Analyst:** Senior Credit Analyst  
**Sector:** Real Estate - UK

## Credit Summary
**REJECT.** Despite reasonable revenue growth and subscription-based income, Vertex Finance presents unacceptable credit risk driven by critically weak interest coverage and elevated default probability. The company's 51.1% default probability significantly exceeds our risk tolerance for new investments.

## Financial Analysis
**Key concerns:** Inte"
1001,0.488,High,"# CREDIT MEMO: ASTER HOLDINGS #0001

**Date:** [Current Date]  
**Sector:** Manufacturing | **Country:** Netherlands  
**Facility Size:** [Not Specified]

## Credit Summary
**REJECT.** Despite strong EBITDA margins, Aster Holdings presents unacceptable credit risk driven by dangerously low interest coverage at 1.68x and elevated leverage at 0.44 debt ratio. The 48.8% default probability reflects fundamental cash flow constraints that outweigh operational profitability.

## Financial Analysis
**S"
1034,0.4793,High,"# CREDIT MEMO: Pinnacle Solutions #0034

## Credit Summary
**REJECT** recommendation for Pinnacle Solutions. Despite 17-year operating history, the company presents elevated credit risk with 47.9% default probability driven by deteriorating fundamentals and structural liquidity concerns in volatile crypto sector.

## Financial Analysis
**Key concerns:** Revenue decline of 5.7% YoY signals weakening market position. Debt ratio of 0.49 is manageable but coupled with weak cash ratio of 0.075 indica"
1021,0.4735,High,"# CREDIT MEMO: ASTER HOLDINGS #0021

## Credit Summary
Aster Holdings presents a **MARGINAL** credit profile with concerning liquidity and concentration risks despite solid operational performance. The combination of tight cash position (6.2% cash ratio) and customer concentration creates meaningful near-term stress potential.

## Financial Analysis
**Strengths:** Strong EBITDA margin at 19.9% indicates efficient operations; healthy revenue growth of 7.2% YoY demonstrates market traction; modera"
1014,0.4266,High,"# Credit Memo: Pinnacle Solutions #0014

## Credit Summary
Despite solid fundamentals including 17.1% EBITDA margins and 13.3% revenue growth, the 42.7% default probability reflects concerning liquidity constraints. The 1.27x interest coverage ratio sits dangerously close to covenant breach territory.

## Financial Analysis
**Strengths:** Strong profitability with EBITDA margin of 17.1% and healthy revenue growth of 13.3% YoY. Moderate leverage at 0.32 debt ratio provides structural comfort.

**"
1026,0.4117,High,"# CREDIT MEMO: Fjord Solutions #0026

**Date:** [Current Date]  
**Sector:** Real Estate | Netherlands  
**Facility:** [Not specified]

## Credit Summary
**REJECT.** Despite model prediction of no default, the 41.2% default probability combined with poor operational performance presents unacceptable risk for a one-year-old entity. Revenue decline of 13.4% and weak liquidity position override any sector resilience benefits.

## Financial Analysis
**Revenue & Profitability:** €24.5M revenue with h"
1041,0.391,High,"# CREDIT MEMO: ASTER HOLDINGS #0041

**Credit Summary**
Recommend PASS on Aster Holdings despite elevated 39.1% default probability. The company demonstrates operational stability with 23 years of market presence and acceptable profitability, though liquidity constraints present near-term refinancing risk.

**Financial Analysis**
EBITDA margin of 14.5% indicates reasonable operational efficiency for software sector. Revenue growth of 7.1% YoY shows modest expansion despite challenging market con"
1035,0.347,High,"# CREDIT MEMO: Quartz Partners #0035

## Credit Summary
**REJECT** recommendation on this French healthcare services provider. Despite moderate leverage and subscription revenue base, the combination of revenue decline (-11.9% YoY), tight liquidity position, and elevated default probability (34.7%) presents unacceptable credit risk for our portfolio.

## Financial Analysis
**Leverage**: Debt ratio of 0.27x indicates conservative capital structure. **Coverage**: Interest coverage of 3.82x provide"
1039,0.3406,High,"# Credit Memo: Umbra Partners #0039

## Credit Summary
**PASS** recommendation for this Dutch software company despite elevated 34.1% default probability. Strong revenue growth momentum and government contract stability offset moderate leverage concerns.

## Financial Analysis
- **EBITDA margin of 14.7%** demonstrates solid operational efficiency for software sector
- **Debt ratio of 0.58** indicates moderate leverage but approaching cautionary levels
- **Interest coverage of 2.61x** provides ad"
1022,0.3077,High,"**CREDIT MEMO: BluePeak Solutions #0022**

**Credit Summary**
REJECT. Despite strong growth and adequate profitability, critically weak interest coverage at 1.51x combined with 30.8% default probability presents unacceptable risk for our credit standards.

**Financial Analysis**
• EBITDA margin of 18.7% demonstrates solid operational efficiency
• Revenue growth of 17.7% YoY indicates strong market position
• Debt ratio of 0.28 appears manageable but misleading given coverage weakness
• **RED FLA"
1032,0.2853,Medium,"# CREDIT MEMO: Northstar Finance #0032

**Date:** [Current Date]  
**Analyst:** [Name]  
**Sector:** Spanish Retail  

## Credit Summary
**REJECT** recommendation for Northstar Finance. Despite healthy EBITDA margins, the combination of elevated default probability (28.5%), weak liquidity position, and sector-specific margin pressures present unacceptable risk for a one-year-old entity with limited operating history.

## Financial Analysis
**Revenue:** €21.6M with modest 4.0% YoY growth  
**Prof"
1042,0.2616,Medium,"# CREDIT MEMO: BluePeak Solutions #0042

**Credit Summary**  
Moderate credit risk with concerning fundamentals despite stable operations. High default probability (26.2%) driven by customer concentration and elevated leverage ratios warrant caution.

**Financial Analysis**  
Mixed financial profile with concerning leverage metrics. Debt ratio of 0.34 and interest coverage of 4.42x indicate moderate leverage stress. EBITDA margin of 14.4% shows reasonable profitability, though modest revenue gro"
1019,0.2473,Medium,"# CREDIT MEMO: Umbra Partners #0019

## Credit Summary
**BORDERLINE CREDIT** with moderate default risk at 24.7%. Strong revenue momentum (+18.7% YoY) partially offset by concerning leverage metrics and tight interest coverage.

## Financial Analysis
**Mixed fundamentals** with notable red flags:
- EBITDA margin of 14.7% demonstrates operational efficiency
- **RED LINE**: Debt ratio at 0.44 approaches conservative limits
- **CONCERN**: Interest coverage of 2.86x provides minimal cushion against "
1038,0.2294,Medium,"# CREDIT MEMO: Tidewater Solutions #0038

## Credit Summary
**BORDERLINE** credit with moderate default risk at 22.9%. While established operations and adequate liquidity provide some comfort, weak profitability and commodity price exposure present material concerns for hospitality sector investment.

## Financial Analysis
**Profitability**: EBITDA margin of 12.0% acceptable but below industry norms for hospitality sector. Revenue decline of -1.9% YoY indicates operational headwinds.

**Leverage"
1044,0.2275,Medium,"# CREDIT MEMO: DUNE FINANCE #0044

**Date:** [Current Date]  
**Sector:** Retail | **Country:** Luxembourg  
**Revenue:** €23.6M | **Default Probability:** 22.8%

## Credit Summary
**REJECT.** Despite adequate profitability metrics, Dune Finance presents unacceptable credit risk driven by critically impaired debt servicing capacity and conflicting customer concentration signals that suggest underlying business deterioration.

## Financial Analysis
**Critical Red Flags:** Interest coverage of 0.3"
1025,0.2203,Medium,"# CREDIT MEMO: Evergreen Holdings #0025

**Credit Summary**
REJECT recommendation for this Luxembourg-based crypto/digital assets firm. Despite stable profitability metrics, the 22% default probability and deteriorating revenue trajectory present unacceptable credit risk for the volatile digital assets sector.

**Financial Analysis**
EBITDA margin of 21.1% demonstrates operational efficiency, while debt ratio of 0.42 indicates moderate leverage. However, interest coverage of 3.37x provides limit"
1009,0.1969,Medium,"# CREDIT MEMO: IRONWOOD HOLDINGS #0009

## Credit Summary
**CONDITIONAL PASS** - Mid-tier renewable energy operator with adequate credit metrics offset by revenue contraction and legacy debt burden. Default probability of 19.7% reflects moderate risk profile requiring enhanced monitoring.

## Financial Analysis
**Adequate but deteriorating fundamentals:** EBITDA margin of 22.9% demonstrates solid operational efficiency typical of established renewable assets. However, interest coverage of 3.48x "
1027,0.1878,Medium,"# Credit Memo: Granite Partners #0027

**Date:** [Current Date]  
**Analyst:** [Name]  
**Sector:** Software (Ireland)

## Credit Summary
**PASS** recommendation for Granite Partners despite elevated default probability of 18.8%. Strong revenue momentum (+25.7% YoY) and healthy EBITDA margins (21.0%) offset liquidity concerns in this growth-stage software business.

## Financial Analysis
• **Revenue Growth:** Exceptional 25.7% YoY growth on €29.5M base demonstrates strong market traction
• **Pro"
1028,0.1826,Medium,"# CREDIT MEMO: Harbor Finance #0028

## Credit Summary
**REJECT** recommendation for Harbor Finance. Despite reasonable profitability metrics, elevated leverage (59% debt ratio) combined with regulatory uncertainty and declining revenue trends create unacceptable credit risk for an 18.3% default probability.

## Financial Analysis
**Strengths:** EBITDA margin of 16.9% indicates solid operational efficiency. Revenue growth of 9.8% YoY demonstrates recent momentum. Interest coverage of 3.22x provi"
1029,0.178,Medium,"# CREDIT MEMO: Ironwood Holdings #0029

## Credit Summary
**MARGINAL CREDIT** with acceptable default probability but concerning liquidity profile. Strong operational performance offset by structural weaknesses in balance sheet management.

## Financial Analysis
• **EBITDA margin of 25.6%** demonstrates solid operational efficiency in hospitality sector
• **Debt ratio of 0.31** appears manageable but coupled with weak interest coverage
• **Interest coverage of 2.08x** falls below comfortable thr"
1046,0.1673,Medium,"# CREDIT MEMO: FJORD SOLUTIONS #0046

## Credit Summary
**PASS** recommendation for French healthcare company despite elevated 16.7% default probability. Strong revenue momentum (+23.9% YoY) and adequate debt service coverage offset liquidity concerns in this growth-stage business.

## Financial Analysis
- **Profitability**: 11.0% EBITDA margin indicates solid operational efficiency for healthcare services sector
- **Leverage**: 0.32 debt ratio represents conservative capital structure with mana"
1016,0.1495,Low,"# Credit Memo: Riverstone Finance #0016

**Credit Summary**
Riverstone Finance presents a PASS credit opportunity with solid operational metrics but elevated leverage concerns. The Italian software company demonstrates strong profitability and growth trajectory, though debt positioning requires monitoring.

**Financial Analysis**
Strong fundamentals with EBITDA margin of 19.0% indicating healthy operational efficiency in the software sector. Revenue growth of 13.6% YoY shows sustained business m"
1010,0.1322,Low,"# CREDIT MEMO: Lattice Solutions #0010

## Credit Summary
**PASS** recommendation for Italian manufacturing credit. Strong operational performance with 22.2% EBITDA margin and 7.1% revenue growth offset moderate leverage concerns and margin pressure risks.

## Financial Analysis
**Strengths:** Robust profitability with 22.2% EBITDA margin significantly above manufacturing sector averages. Healthy 7.1% YoY revenue growth demonstrates market traction. Debt ratio of 0.37 remains within acceptable p"
1003,0.1282,Low,"# CREDIT MEMO: CRESTLINE PARTNERS #0003

**Date:** [Current Date]  
**Analyst:** Senior Credit Analyst  
**Sector:** Consumer Finance | Netherlands

## Credit Summary
**PASS** - Crestline Partners presents acceptable credit risk despite operational concerns. Strong profitability metrics and adequate leverage ratios offset modest growth headwinds and limited operating history.

## Financial Analysis
- **EBITDA Margin:** 22.2% demonstrates robust operational efficiency for consumer finance sector
"
1033,0.1159,Low,"# CREDIT MEMO: Orchid Holdings #0033

## Credit Summary
Orchid Holdings presents a **WEAK** credit profile with deteriorating fundamentals despite operating in the attractive renewable energy sector. The combination of margin compression, revenue decline, and razor-thin profitability creates significant downside risk.

## Financial Analysis
**Key Concerns:**
- EBITDA margin of 5.5% is critically low for capital-intensive renewable energy operations
- Revenue declined 1.5% YoY, indicating competi"
1015,0.111,Low,"# CREDIT MEMO: Quartz Partners #0015

**Date:** [Current Date]  
**Sector:** Hospitality | **Country:** Luxembourg  
**Facility Size:** [TBD] | **Use of Proceeds:** [TBD]

## Credit Summary
Mixed credit profile with adequate operational performance but concerning liquidity position. While EBITDA margins and growth trajectory are acceptable for hospitality, tight cash management and regulatory headwinds present material downside risks.

## Financial Analysis
• **EBITDA Margin:** 15.8% - solid for"
1011,0.1097,Low,"# Credit Memo: Mira Partners #0011

## Credit Summary
**PASS** recommendation for Irish software company with solid fundamentals but liquidity concerns. Strong profitability and resilient sector positioning offset moderate leverage and weak cash position.

## Financial Analysis
- **Revenue**: €30.0M with healthy 11.3% YoY growth demonstrates business momentum
- **Profitability**: Strong 22.0% EBITDA margin reflects efficient operations and software scalability
- **Leverage**: Debt ratio of 0.46 "
1036,0.1028,Low,"# CREDIT MEMO: RIVERSTONE FINANCE #0036

**Credit Summary**  
Despite solid profitability metrics, we recommend PASS due to concerning revenue trajectory and limited operating track record. The 7.4% YoY revenue decline coupled with only 2 years of operations presents unacceptable risk for our risk-adjusted return targets.

**Financial Analysis**  
Strong EBITDA margin of 25.4% demonstrates effective cost management, while interest coverage of 4.84x provides adequate debt service cushion. However"
1030,0.0866,Low,"# CREDIT MEMO: Lattice Solutions #0030

**Date:** [Current Date]  
**Analyst:** [Name]  
**Sector:** Healthcare (Luxembourg)

## Credit Summary
**PASS** recommendation for Lattice Solutions, a €34.2M healthcare company demonstrating solid fundamentals with manageable leverage. Strong EBITDA margins and experienced management provide adequate cushion against identified margin pressure risks.

## Financial Analysis
- **EBITDA Margin:** 21.5% indicates healthy operational efficiency for healthcare "
1037,0.0861,Low,"# CREDIT MEMO: SILVERLINE HOLDINGS #0037

**Date:** [Current Date]  
**Analyst:** Senior Credit Analyst  
**Sector:** Healthcare - Ireland

## Credit Summary
**PASS** - Silverline presents acceptable credit risk despite operational headwinds. Strong growth trajectory (16.2% revenue growth) and adequate liquidity metrics offset margin pressure concerns, with 8.6% default probability within acceptable parameters.

## Financial Analysis
**Strengths:** Healthy EBITDA margin at 17.3% demonstrates ope"
1023,0.084,Low,"# CREDIT MEMO: Crestline Partners #0023

## Credit Summary
**MARGINALLY ACCEPTABLE** credit with moderate default risk at 8.4%. Strong operational performance offset by structural liquidity concerns and margin pressure in competitive consumer finance market.

## Financial Analysis
**Strengths:** Solid EBITDA margin of 18.5% demonstrates operational efficiency; healthy revenue growth of 9.8% YoY shows market traction; conservative debt ratio of 0.25 limits leverage risk; adequate interest coverag"
1050,0.0815,Low,"# CREDIT MEMO: Lattice Solutions #0050

**Date:** [Current Date]  
**Sector:** Consumer Finance (France)  
**Amount:** [To be determined]

## Credit Summary
We recommend **PASS** on Lattice Solutions despite operational headwinds. While margin compression and customer concentration present near-term risks, the company maintains adequate debt service capacity with manageable leverage and demonstrates continued revenue expansion.

## Financial Analysis
**Strengths:** Debt ratio of 0.24 indicates c"
1031,0.0769,Low,"# CREDIT MEMO: MIRA PARTNERS #0031

## Credit Summary
**PASS** - Mid-sized Italian retailer presents acceptable credit risk despite operational headwinds. Strong balance sheet fundamentals and experienced management offset margin pressures and revenue decline.

## Financial Analysis
Balance sheet metrics remain healthy with low leverage (0.12 debt ratio) and adequate liquidity (9.8% cash ratio). EBITDA margin of 12.9% is reasonable for retail sector, though interest coverage at 3.07x is below pr"
1048,0.0766,Low,"# CREDIT MEMO

**Harbor Finance #0048** | Software | Luxembourg | €48.7M Revenue

---

## Credit Summary
**MARGINAL CREDIT** with moderate risk profile. While Harbor Finance shows adequate profitability and interest coverage, the combination of negative revenue growth and tight liquidity position creates near-term stress concerns despite low default probability.

## Financial Analysis
**Mixed fundamentals with liquidity concerns:**
- EBITDA margin of 17.6% demonstrates solid operational efficien"
1020,0.0723,Low,"# CREDIT MEMO: Vertex Finance #0020

**Date:** [Current Date]  
**Analyst:** [Name]  
**Sector:** French Logistics

## Credit Summary
Vertex Finance presents a mixed credit profile with strong profitability metrics but concerning liquidity pressures. Despite a 7.2% default probability, the company's established market position and solid interest coverage provide adequate downside protection.

## Financial Analysis
**Strengths:** EBITDA margin of 23.5% significantly outperforms logistics sector a"
1049,0.0648,Low,"# Credit Memo: Ironwood Holdings #0049

## Credit Summary
**PASS** - Ironwood presents an acceptable credit risk with solid fundamentals in the renewable energy sector. The company demonstrates conservative leverage and adequate cash generation, though growth momentum remains modest.

## Financial Analysis
**Strengths:** Conservative debt profile with 0.15 debt ratio well below sector norms. EBITDA margin of 18.7% indicates efficient operations and strong pricing power. Interest coverage of 3.82"
1017,0.0601,Low,"# CREDIT MEMO: SILVERLINE HOLDINGS #0017

## Credit Summary
Silverline Holdings presents an acceptable credit risk with solid fundamentals despite margin pressures. The 6.0% default probability and stable 15-year operating history support a creditworthy profile for a consumer finance player.

## Financial Analysis
**Strengths:** EBITDA margin of 17.3% demonstrates decent profitability for the sector. Debt ratio of 0.33 indicates conservative leverage. Revenue growth of 7.4% YoY shows business mo"
1018,0.0484,Very Low,"# CREDIT MEMO: Tidewater Solutions #0018

## Credit Summary
**PASS** - Recommend approval. Tidewater demonstrates solid operational performance with healthy margins and manageable leverage despite operating in the cyclical German hospitality sector. Low default probability of 4.8% supports favorable credit profile.

## Financial Analysis
Strong profitability with EBITDA margin of 19.4% significantly above hospitality sector norms. Conservative capital structure evidenced by debt ratio of 0.35x, "
1008,0.0361,Very Low,"# CREDIT MEMO: Harbor Finance #0008

## Credit Summary
Harbor Finance presents an acceptable credit risk with stable fundamentals despite operational headwinds. The 3.6% default probability and solid interest coverage provide adequate downside protection for investment consideration.

## Financial Analysis
**Strengths:** Interest coverage of 3.59x provides reasonable debt service cushion. Debt ratio of 0.38 indicates conservative leverage profile. EBITDA margin of 15.5% demonstrates operational "
1045,0.0319,Very Low,"# CREDIT MEMO: Evergreen Holdings #0045

## Credit Summary
**PASS** - Italian software company presents acceptable credit risk despite mixed fundamentals. Strong recurring revenue model and healthy margins offset elevated leverage and conflicting growth signals.

## Financial Analysis
**Strengths:** EBITDA margin of 18.0% demonstrates solid profitability. Interest coverage of 4.13x provides adequate debt servicing capacity. Revenue growth of 17.8% YoY indicates business momentum.

**Concerns:** "
1013,0.0248,Very Low,"# CREDIT MEMO: Orchid Holdings #0013

## Credit Summary
**REJECT recommendation** for Orchid Holdings, a Luxembourg-based crypto asset manager. Despite adequate profitability metrics, contradictory revenue signals and weak liquidity position present unacceptable risk in the volatile digital assets sector.

## Financial Analysis
**Mixed financial profile with concerning liquidity:** EBITDA margin of 18.2% demonstrates reasonable operational efficiency, while debt ratio of 0.30 indicates conservat"
1006,0.0204,Very Low,"# CREDIT MEMO: Fjord Solutions #0006

## Credit Summary
Fjord Solutions presents a **PASS** credit with solid fundamentals but notable concentration risk. Strong EBITDA margins and conservative leverage are offset by customer dependency concerns in the German healthcare sector.

## Financial Analysis
**Strengths:** Robust 22.9% EBITDA margin demonstrates operational efficiency. Conservative debt ratio of 0.19 provides substantial deleveraging capacity. Interest coverage of 3.93x offers adequate "
1007,0.0192,Very Low,"# CREDIT MEMO: Granite Partners #0007

## Credit Summary
**REJECT.** Despite 17 years of operational stability and low leverage, Granite Partners exhibits critical liquidity constraints that present unacceptable near-term default risk for a consumer finance operation requiring consistent cash flow management.

## Financial Analysis
**Strengths:** Low debt ratio at 0.14 indicates conservative leverage. EBITDA margin of 17.5% demonstrates solid operational efficiency. Revenue growth of 7.7% YoY sh"
